<?xml version="1.0" encoding="UTF-8"?>

<mule
	xmlns:ee="http://www.mulesoft.org/schema/mule/ee/core"
	xmlns="http://www.mulesoft.org/schema/mule/core"
	xmlns:doc="http://www.mulesoft.org/schema/mule/documentation"
	xmlns:xsi="http://www.w3.org/2001/XMLSchema-instance"
	xsi:schemaLocation="
http://www.mulesoft.org/schema/mule/ee/core http://www.mulesoft.org/schema/mule/ee/core/current/mule-ee.xsd http://www.mulesoft.org/schema/mule/core http://www.mulesoft.org/schema/mule/core/current/mule.xsd">
	<error-handler
		name="api-error-handler"
		doc:id="c8b701fe-7251-4091-8bb0-cbe0085bd007">
		<on-error-propagate type="APIKIT:BAD_REQUEST">
			<ee:transform>
				<ee:message>
					<ee:set-payload><![CDATA[%dw 2.0
output application/json
---
{message: "Bad request"}]]></ee:set-payload>
				</ee:message>
				<ee:variables>
					<ee:set-variable variableName="httpStatus">400
					</ee:set-variable>
				</ee:variables>
			</ee:transform>
		</on-error-propagate>
		<on-error-propagate type="APIKIT:NOT_FOUND">
			<ee:transform>
				<ee:message>
					<ee:set-payload><![CDATA[%dw 2.0
output application/json
---
{message: "Resource not found"}]]></ee:set-payload>
				</ee:message>
				<ee:variables>
					<ee:set-variable variableName="httpStatus">404
					</ee:set-variable>
				</ee:variables>
			</ee:transform>
		</on-error-propagate>
		<on-error-propagate
			type="APIKIT:METHOD_NOT_ALLOWED">
			<ee:transform>
				<ee:message>
					<ee:set-payload><![CDATA[%dw 2.0
output application/json
---
{message: "Method not allowed"}]]></ee:set-payload>
				</ee:message>
				<ee:variables>
					<ee:set-variable variableName="httpStatus">405
					</ee:set-variable>
				</ee:variables>
			</ee:transform>
		</on-error-propagate>
		<on-error-propagate type="APIKIT:NOT_ACCEPTABLE">
			<ee:transform>
				<ee:message>
					<ee:set-payload><![CDATA[%dw 2.0
output application/json
---
{message: "Not acceptable"}]]></ee:set-payload>
				</ee:message>
				<ee:variables>
					<ee:set-variable variableName="httpStatus">406
					</ee:set-variable>
				</ee:variables>
			</ee:transform>
		</on-error-propagate>
		<on-error-propagate
			type="APIKIT:UNSUPPORTED_MEDIA_TYPE">
			<ee:transform>
				<ee:message>
					<ee:set-payload><![CDATA[%dw 2.0
output application/json
---
{message: "Unsupported media type"}]]></ee:set-payload>
				</ee:message>
				<ee:variables>
					<ee:set-variable variableName="httpStatus">415
					</ee:set-variable>
				</ee:variables>
			</ee:transform>
		</on-error-propagate>
		<on-error-propagate type="APIKIT:NOT_IMPLEMENTED">
			<ee:transform>
				<ee:message>
					<ee:set-payload><![CDATA[%dw 2.0
output application/json
---
{message: "Not Implemented"}]]></ee:set-payload>
				</ee:message>
				<ee:variables>
					<ee:set-variable variableName="httpStatus">501
					</ee:set-variable>
				</ee:variables>
			</ee:transform>
		</on-error-propagate>
		<on-error-propagate
			enableNotifications="true"
			logException="true"
			doc:name="On Error Propagate"
			doc:id="bdfa1d32-17db-4f23-a145-fccbe33f1467"
			type="ANY">
			<ee:transform
				doc:name="Transform Message"
				doc:id="2739b4e8-e76b-43df-9ff1-5ecdd248cebe">
				<ee:message>
					<ee:set-payload><![CDATA[%dw 2.0
output application/json
---
{
"message": "Custom error handler",
"error": "Internal Server Error"
}]]></ee:set-payload>
				</ee:message>
			</ee:transform>
		</on-error-propagate>
	
</error-handler>
	<error-handler
		name="api-console-error-handler"
		doc:id="45535654-f79d-4d79-9d25-577ac5885f11">
		<on-error-propagate type="APIKIT:NOT_FOUND">
			<ee:transform>
				<ee:message>
					<ee:set-payload><![CDATA[%dw 2.0
output application/json
---
{message: "Resource not found"}]]></ee:set-payload>
				</ee:message>
				<ee:variables>
					<ee:set-variable variableName="httpStatus">404
					</ee:set-variable>
				</ee:variables>
			</ee:transform>
		</on-error-propagate>
	</error-handler>
</mule>
