<?xml version='1.0' encoding='UTF-8'?>
<types:mule xmlns:types="http://www.mulesoft.org/schema/mule/types">
  <types:catalog>
    <types:type name="auto_053a84b2-0270-4b80-893f-aa4bf9c180a7_Output-Payload" format="json">
      <types:shape format="weave" example="weave/autogenerated/053a84b2-0270-4b80-893f-aa4bf9c180a7/Output-Payload.wev" autogeneratedOrigin="78278adb-a3dc-4ddf-99ee-7407b68bcebd"><![CDATA[%dw 2.0

type auto_053a84b2_0270_4b80_893f_aa4bf9c180a7_Output_Payload = {
  date_time?: String, 
  _?: Any
} {"description": "Response contains Movie Ticket details for a linked via BID."}

]]></types:shape>
    </types:type>
    <types:type name="auto_053a84b2-0270-4b80-893f-aa4bf9c180a7_Output-Variables-outboundHeaders" format="java">
      <types:shape format="weave" example="weave/autogenerated/053a84b2-0270-4b80-893f-aa4bf9c180a7/Output-Variables-outboundHeaders.wev" autogeneratedOrigin="78278adb-a3dc-4ddf-99ee-7407b68bcebd"><![CDATA[%dw 2.0

type auto_053a84b2_0270_4b80_893f_aa4bf9c180a7_Output_Variables_outboundHeaders = {|  |}

]]></types:shape>
    </types:type>
    <types:type name="auto_053a84b2-0270-4b80-893f-aa4bf9c180a7_Output-Variables-BID" format="java">
      <types:shape format="raml" autogeneratedOrigin="78278adb-a3dc-4ddf-99ee-7407b68bcebd"><![CDATA[#%RAML 1.0 DataType
type: string]]></types:shape>
    </types:type>
    <types:type name="auto_053a84b2-0270-4b80-893f-aa4bf9c180a7_Input-Variables-BID" format="java">
      <types:shape format="raml" autogeneratedOrigin="78278adb-a3dc-4ddf-99ee-7407b68bcebd"><![CDATA[#%RAML 1.0 DataType
type: string]]></types:shape>
    </types:type>
    <types:type name="auto_053a84b2-0270-4b80-893f-aa4bf9c180a7_Input-Variables-httpStatus" format="java">
      <types:shape format="raml" autogeneratedOrigin="78278adb-a3dc-4ddf-99ee-7407b68bcebd"><![CDATA[#%RAML 1.0 DataType
type: string]]></types:shape>
    </types:type>
    <types:type name="auto_053a84b2-0270-4b80-893f-aa4bf9c180a7_Output-Variables-httpStatus" format="java">
      <types:shape format="raml" autogeneratedOrigin="78278adb-a3dc-4ddf-99ee-7407b68bcebd"><![CDATA[#%RAML 1.0 DataType
type: string]]></types:shape>
    </types:type>
    <types:type name="auto_053a84b2-0270-4b80-893f-aa4bf9c180a7_Input-Payload" format="java">
      <types:shape format="weave" example="weave/autogenerated/053a84b2-0270-4b80-893f-aa4bf9c180a7/Input-Payload.wev" autogeneratedOrigin="78278adb-a3dc-4ddf-99ee-7407b68bcebd"><![CDATA[%dw 2.0

type auto_053a84b2_0270_4b80_893f_aa4bf9c180a7_Input_Payload = Any

]]></types:shape>
    </types:type>
    <types:type name="auto_053a84b2-0270-4b80-893f-aa4bf9c180a7_Input-Variables-outboundHeaders" format="java">
      <types:shape format="weave" example="weave/autogenerated/053a84b2-0270-4b80-893f-aa4bf9c180a7/Input-Variables-outboundHeaders.wev" autogeneratedOrigin="78278adb-a3dc-4ddf-99ee-7407b68bcebd"><![CDATA[%dw 2.0

type auto_053a84b2_0270_4b80_893f_aa4bf9c180a7_Input_Variables_outboundHeaders = {|  |}

]]></types:shape>
    </types:type>
    <types:type name="auto_053a84b2-0270-4b80-893f-aa4bf9c180a7_Output-Attributes" format="java">
      <types:shape format="weave" example="weave/autogenerated/053a84b2-0270-4b80-893f-aa4bf9c180a7/Output-Attributes.wev" autogeneratedOrigin="78278adb-a3dc-4ddf-99ee-7407b68bcebd"><![CDATA[%dw 2.0

type auto_053a84b2_0270_4b80_893f_aa4bf9c180a7_Output_Attributes = {|
  clientCertificate?: {|
    publicKey?: {|  |}, 
    "type"?: String, 
    encoded?: Binary
  |}, 
  headers: {|  |}, 
  listenerPath: String, 
  method: String, 
  queryParams: {| CID?: String |}, 
  queryString: String, 
  relativePath: String, 
  remoteAddress: String, 
  requestPath: String, 
  requestUri: String, 
  scheme: String, 
  uriParams: {| BID: String |}, 
  version: String, 
  localAddress: String
|}

]]></types:shape>
    </types:type>
    <types:type name="auto_053a84b2-0270-4b80-893f-aa4bf9c180a7_Input-Attributes" format="java">
      <types:shape format="weave" example="weave/autogenerated/053a84b2-0270-4b80-893f-aa4bf9c180a7/Input-Attributes.wev" autogeneratedOrigin="78278adb-a3dc-4ddf-99ee-7407b68bcebd"><![CDATA[%dw 2.0

type auto_053a84b2_0270_4b80_893f_aa4bf9c180a7_Input_Attributes = {|
  clientCertificate?: {|
    publicKey?: {|  |}, 
    "type"?: String, 
    encoded?: Binary
  |}, 
  headers: {|  |}, 
  listenerPath: String, 
  method: String, 
  queryParams: {| CID?: String |}, 
  queryString: String, 
  relativePath: String, 
  remoteAddress: String, 
  requestPath: String, 
  requestUri: String, 
  scheme: String, 
  uriParams: {| BID: String |}, 
  version: String, 
  localAddress: String
|}

]]></types:shape>
    </types:type>
  </types:catalog>
  <types:enrichment select="#053a84b2-0270-4b80-893f-aa4bf9c180a7">
    <types:processor-declaration>
      <types:input-event>
        <types:message>
          <types:payload type="auto_053a84b2-0270-4b80-893f-aa4bf9c180a7_Input-Payload"/>
          <types:attributes type="auto_053a84b2-0270-4b80-893f-aa4bf9c180a7_Input-Attributes"/>
        </types:message>
        <types:variables>
          <types:variable name="outboundHeaders" type="auto_053a84b2-0270-4b80-893f-aa4bf9c180a7_Input-Variables-outboundHeaders"/>
          <types:variable name="httpStatus" type="auto_053a84b2-0270-4b80-893f-aa4bf9c180a7_Input-Variables-httpStatus"/>
          <types:variable name="BID" type="auto_053a84b2-0270-4b80-893f-aa4bf9c180a7_Input-Variables-BID"/>
        </types:variables>
      </types:input-event>
      <types:output-event>
        <types:message>
          <types:payload type="auto_053a84b2-0270-4b80-893f-aa4bf9c180a7_Output-Payload"/>
          <types:attributes type="auto_053a84b2-0270-4b80-893f-aa4bf9c180a7_Output-Attributes"/>
        </types:message>
        <types:variables>
          <types:variable name="outboundHeaders" type="auto_053a84b2-0270-4b80-893f-aa4bf9c180a7_Output-Variables-outboundHeaders"/>
          <types:variable name="httpStatus" type="auto_053a84b2-0270-4b80-893f-aa4bf9c180a7_Output-Variables-httpStatus"/>
          <types:variable name="BID" type="auto_053a84b2-0270-4b80-893f-aa4bf9c180a7_Output-Variables-BID"/>
        </types:variables>
      </types:output-event>
    </types:processor-declaration>
  </types:enrichment>
</types:mule>